1	Mr	Beahan	Eunice	b@c.com	850.850.2262	0	gele	1980-01-09	3368 Amir Spur\
New Everettefurt, AR 85160-8715	\N	3	\N	1668087587.jpg	Possimus iste quo voluptatibus sapiente officiis.	Ipsam quia molestiae harum vel voluptatem.	Universitaire	Recherche	est	$2y$10$GkmFkTLs62bwUqzf1x6L2ehLeeIIv72L0nciGk7N6EiV9qEdndd/y	2022-11-09	2022-11-09 17:14:26	VfBdDCBWDo	2022-11-09 17:14:26	2022-11-10 14:39:47
2	Mme	Frami	Ignacio	lmarks@example.net	+1 (838) 748-1530	0	ex_adherent	2004-05-27	343 Hamill Mission\
East Kayli, CO 25062-0243	\N	114	545	\N	Atque quidem voluptatem laudantium inventore amet.	Possimus nobis et enim aut atque qui.	Lycéen	Retraite	ullam	$2y$10$oCcgQ6gC/wPEl2hTGZsu1ugf30T0D6Hx7M7ehOYHzTjT0aHLVnNDm	2022-11-09	2022-11-09 17:14:26	SPbT0PLe7q	2022-11-09 17:14:27	2022-11-09 17:14:27
3	Mr	Ankunding	Cary	wintheiser.diego@example.org	1-929-823-2748	0	ex_adherent	1987-01-21	247 Destinee Roads\
Eliland, WI 92076	\N	18	1142	\N	Eos exercitationem ut minus aspernatur rerum tenetur esse.	Minima dolorem voluptatibus id quos laborum tempore ut.	Universitaire	Retraite	similique	$2y$10$cLPQxml7w7JMybotvS/59ugS9DJWdAqXKk1ZAb3YMRqB3iXjc0TXq	2022-11-09	2022-11-09 17:14:26	RwrZB3pLr1	2022-11-09 17:14:27	2022-11-09 17:14:27
4	Mr	Leannon	Breanna	marian.nikolaus@example.com	1-341-339-5595	1	ex_adherent	2011-09-29	97459 Stephan Route Suite 696\
Friesenberg, CT 74658-3460	\N	49	1225	\N	Inventore similique natus reiciendis veniam modi.	Odio dignissimos dignissimos neque autem.	Secondaire	Actif	deserunt	$2y$10$pHyP9980/LPEgsXTEgN3G.SUe.4mUf6C5yVhyaeERpPjbvcztT3HC	2022-11-09	2022-11-09 17:14:26	R3bg2PdQN2	2022-11-09 17:14:27	2022-11-09 17:14:27
5	Mme	Reynolds	Kamille	morton44@example.net	+14356517341	0	adherent	1991-04-17	8770 Fabiola Camp\
Watersside, MD 09027-1153	\N	233	624	\N	Iusto eos placeat laudantium inventore sint.	Corporis sed similique et eos nesciunt.	Universitaire	Retraite	earum	$2y$10$bchFhU70PHm9OJBPwVcfpOKRc0hy57dxt.dlLu4RflbW0bMInlgNu	2022-11-09	2022-11-09 17:14:27	aq5NLG48u2	2022-11-09 17:14:27	2022-11-09 17:14:27
6	Mr	Flatley	Sydnie	wokon@example.com	(870) 646-3942	1	adherent	2010-09-09	738 Bayer Villages Apt. 161\
Haskellview, NJ 33699-9535	\N	215	668	\N	Possimus perferendis sunt id sequi molestiae.	Repudiandae quisquam architecto ut et eius rerum qui.	Universitaire	Étudiant	numquam	$2y$10$//11aRuNFP5iSBgu0DDnSeLwSIRit03fkfh/dlqLJ6shy/NI8mzky	2022-11-09	2022-11-09 17:14:27	pJkqFXlo8u	2022-11-09 17:14:27	2022-11-09 17:14:27
7	Mr	Lindgren	Merlin	ryan.heidi@example.org	+17655389473	0	adherent	2022-06-23	94768 Sunny Circle Suite 850\
Nonaland, TX 20178-2701	\N	12	915	\N	Porro eveniet quod ad quaerat consequatur labore.	Asperiores dolores tenetur quo quo sapiente.	Universitaire	Actif	culpa	$2y$10$k7ejq5ur4o.UJVcRkmG/IOxQW9w5XJhxvgnFdXTEJkIVpGPSC5lO2	2022-11-09	2022-11-09 17:14:27	D5cgDNtYlm	2022-11-09 17:14:27	2022-11-09 17:14:27
8	Mr	Bradtke	Moses	christa56@example.org	334.667.2437	0	demande_admission	2014-01-13	8727 Frances Lakes Suite 820\
Cloydland, AK 05126-0023	\N	90	21	\N	Laboriosam itaque et quis fugit doloribus veniam ipsum ut.	Voluptatem vel pariatur consequuntur.	Lycéen	Retraite	dolorum	$2y$10$v6iRKijOyERTyHi8b3dF3uOylx/rmzexXvFalbQTpXmv6a7Z8AlZK	2022-11-09	2022-11-09 17:14:27	Nq0yd8c8Dy	2022-11-09 17:14:28	2022-11-09 17:14:28
9	Mme	Emard	Bryana	magnus.greenholt@example.org	(949) 393-6251	0	demande_admission	2007-06-23	18088 Viviane Freeway\
Fisherland, ID 60535	\N	168	135	\N	Nostrum iusto quo quasi quo et consectetur aut.	Aut labore quis dolorem dolores voluptatem voluptatem exercitationem.	Secondaire	Retraite	delectus	$2y$10$aL9ubdA24srLc3ZDyrgCwuxvEpgM05OYXz8FYwRKxxSFcwDeV2Kfe	2022-11-09	2022-11-09 17:14:27	nUOxfvfJ0l	2022-11-09 17:14:28	2022-11-09 17:14:28
10	Mr	Bergstrom	Erwin	buckridge.velma@example.org	352-452-1978	0	gele	2015-11-24	711 Volkman Inlet\
Maudieville, NJ 29853-0888	\N	108	313	\N	Fugit odio autem expedita enim.	Aspernatur sed nihil ratione optio.	Lycéen	Retraite	facere	$2y$10$0rTyBe72hhBSfuk15L/NZeWarawtVhehOaJnK5i.fjt.dHinpotFa	2022-11-09	2022-11-09 17:14:27	8Q8GEBWL8Z	2022-11-09 17:14:28	2022-11-09 17:14:28
